Employee ID,Name,Age,Gender,Department,Position,Salary,Hire Date,Performance Rating,Email,Phone Number,Address
7840,Ashley Riddle,30,Male,Sales,Executive,63441,2024-01-04,Poor,willischarles@gmail.com,+1-779-746-5400x855,"Unit 3469 Box 9342
DPO AE 62840"
9850,Donald Haney,43,Male,Operations,Assistant,79591,2015-04-06,Excellent,denniskline@clark.com,5533227156,"417 Caldwell Trail Suite 637
South Richardfort, AL 72593"
8651,Richard Brown,57,Female,Finance,Manager,90766,2015-10-19,Excellent,hpetersen@gmail.com,9161559811,"4540 Martinez Forks
Philipbury, IN 14736"
3589,Anthony Lee,31,Male,Marketing,Executive,118800,2019-10-25,Poor,jameskey@hotmail.com,+1-308-137-2271x658,"PSC 6115, Box 5049
APO AA 66596"
2518,Catherine Williams,65,Male,HR,Executive,102367,2014-10-10,Below Average,ajones@gmail.com,001-867-297-3112x657,"USCGC Ray
FPO AP 16244"
9807,Ashley Torres,37,Female,Sales,Analyst,112856,2019-03-08,Poor,john06@valentine.com,(482)628-8446x6546,"47140 Campbell Mount Suite 177
Freyview, TN 81008"
5253,Kyle Mckinney,54,Male,Sales,Manager,118769,2016-09-13,Good,melvin73@gmail.com,001-288-395-0290x27075,"332 Clark Isle
Davidmouth, CO 44501"
4000,Steven Carter,44,Female,Operations,Analyst,89808,2021-10-24,Excellent,kelleysheila@gmail.com,+1-629-323-7346x002,"902 Kevin Islands
Andersonport, OH 45377"
3436,Miguel Mcgee,30,Male,Finance,Executive,105079,2022-06-06,Poor,stephenshepherd@davis.com,001-873-513-6097x880,"Unit 4604 Box 0612
DPO AE 52021"
8690,William Martinez,60,Female,Sales,Assistant,45795,2023-02-22,Excellent,alexanderodonnell@yahoo.com,001-949-864-5651x270,"023 Cynthia Hollow
South Robert, DC 64853"
9979,Karen Carter,38,Female,Marketing,Executive,110575,2018-12-05,Below Average,russojillian@thompson-guzman.com,(902)920-8202,"11086 Pace Course
Hintonfort, CO 52850"
8737,Jonathan Greer,37,Female,Marketing,Assistant,44127,2014-07-22,Average,spalmer@nicholson.net,001-992-518-4055x465,"238 Chelsea Plains
Danielfort, SD 43609"
6134,Mario Murray,48,Female,IT,Assistant,56729,2016-05-08,Average,youngbrandon@hotmail.com,530.400.2497,"45213 Dennis Street
Lake Clarencehaven, SD 25091"
5354,Rachel Hernandez,26,Female,Sales,Assistant,88950,2020-06-29,Good,marilynortiz@yahoo.com,6507759044,"62305 Franklin Forest Suite 163
Kimmouth, KS 32736"
6541,Alyssa Green,24,Male,Marketing,Intern,57802,2020-08-28,Poor,jonesmichelle@ayala.com,001-064-881-5057x8260,"268 Gray Loaf Apt. 908
Hodgesborough, MA 63315"
1623,Warren Baker,60,Female,Operations,Intern,118451,2018-10-11,Good,markarroyo@yahoo.com,001-063-930-1982,"31902 Mccoy Brooks Apt. 821
Carlosbury, PA 09540"
8669,Logan Smith,42,Female,Sales,Intern,117306,2021-05-03,Average,ehines@hotmail.com,+1-264-283-3067x52295,"15426 Michael Ports Suite 879
Brucechester, NH 51588"
9235,Kyle Smith,32,Female,Marketing,Executive,113767,2021-09-20,Average,grossjamie@yahoo.com,001-940-070-7469x7756,"51098 Riggs Mission Apt. 921
West Katieport, LA 43303"
4942,Sandra Long,58,Male,Sales,Analyst,41146,2023-08-26,Good,douglasisabella@carson.com,001-099-506-4870x93793,"21822 Vincent Causeway Apt. 494
New Andrewshire, ND 84682"
1376,Lawrence Vasquez,31,Male,Operations,Manager,98981,2017-06-22,Excellent,ryan81@yahoo.com,001-532-278-5820,"PSC 4972, Box 4343
APO AP 91800"
6335,Marco Hoffman,35,Female,IT,Analyst,72016,2017-01-14,Good,cohenemily@ford.com,(005)693-4959,"44430 Elliott Path
Rickport, ND 17152"
3800,Frank Ballard,63,Male,Finance,Executive,80088,2022-06-26,Average,runderwood@hotmail.com,700-065-6608x078,"904 Shields Spring Apt. 200
West Julia, NV 67291"
7186,Nicole Meyers,28,Male,IT,Manager,86886,2022-12-10,Average,melissathompson@morales-wheeler.com,+1-812-809-6483x112,"626 Simpson Club Apt. 399
Johnside, OR 87464"
4183,Andrew Houston,32,Female,Finance,Analyst,59132,2016-04-16,Poor,douglas45@gutierrez.com,160-216-0114x5445,"60238 Fox Unions Suite 633
Juliaside, IN 61092"
5902,Robert Wood,27,Female,Sales,Assistant,62443,2023-01-05,Excellent,wharris@gibson-haley.info,001-464-890-1871x806,"5527 Torres Glen
Lake Amy, RI 77492"
1486,Donald Chavez,25,Female,IT,Intern,113894,2021-06-02,Excellent,robertshenry@johnson-burns.com,8073133847,"05263 Hale Ridge Suite 725
North Margaretton, MD 00852"
1998,Meredith Hooper,39,Female,Finance,Executive,55807,2022-01-02,Average,pottsjay@smith.com,446-127-3342x9165,"2917 Gordon Stravenue
East Michaelburgh, IA 45120"
1082,Sandra Woodard,32,Female,Finance,Manager,47465,2014-10-03,Average,simspatrick@simon.info,001-132-206-0151x43610,"USNS Richard
FPO AP 56455"
7578,Jennifer Wilson,29,Male,Sales,Intern,107124,2021-06-23,Poor,lauragarcia@williams.com,(294)613-3412x2642,"064 Carter Causeway Apt. 007
Lauriebury, CA 23439"
2274,Bradley Rangel,24,Male,IT,Manager,59539,2015-06-17,Average,marshscott@lewis-armstrong.biz,001-083-336-9525x0150,"561 Jonathan Vista
Reyeschester, NV 68455"
1366,Luis Miranda,65,Female,Operations,Analyst,80003,2015-04-30,Good,greenejason@murphy-lewis.com,001-622-578-0028x3262,"284 Black Hills
West Rebecca, RI 31373"
2227,Amy Hayes,25,Male,HR,Manager,103551,2018-05-23,Good,cassidycarson@gmail.com,1923650376,"64409 Clark Tunnel Suite 318
Port Sharon, NE 70053"
6757,Seth Oliver,34,Female,Finance,Intern,114649,2022-08-06,Good,karenkennedy@rangel-vincent.com,944.920.7327x6555,"1155 Brown Trafficway
West Michaelview, AZ 64657"
4019,Daniel Matthews,34,Male,HR,Analyst,82664,2018-01-25,Good,lauraolsen@johnson.biz,001-889-307-7363x5106,"82608 Jennifer Road
Davidville, IN 35196"
4437,Mary Preston,37,Male,IT,Manager,92644,2015-05-09,Average,iparker@yahoo.com,+1-751-146-9049x0440,"USNS Delgado
FPO AA 57289"
5744,Mariah Hoffman,46,Female,IT,Intern,40703,2023-04-27,Average,edavies@schmidt-hodges.info,800-894-6471x4610,"222 Micheal Ranch
Port Jessica, MA 72413"
5663,Matthew Nolan,43,Female,Operations,Analyst,108834,2020-06-26,Average,sheltonsarah@yahoo.com,+1-173-324-5768x9235,"386 Chen Brooks
Lake Valerie, PA 81877"
2588,Andrew Ramirez,30,Male,Marketing,Executive,102765,2016-05-27,Poor,ethanwright@hotmail.com,001-819-810-9396x95037,"969 Pierce Haven
West Amanda, HI 27228"
9180,John Sanchez,44,Male,IT,Assistant,69792,2022-05-22,Average,betty42@moore.net,434.351.7676x85602,"83280 Christina Motorway
West Cherylmouth, CT 83012"
6261,James Armstrong,30,Female,HR,Assistant,94039,2020-07-03,Average,rachelbailey@wright.com,001-734-586-1934x88844,"539 Baldwin Path
Leefort, CO 92904"
5554,John Rogers,36,Female,Marketing,Analyst,46436,2014-07-07,Poor,ubarrett@gmail.com,001-869-641-8569,"51884 Harris Brooks
East Amy, NY 69929"
3988,Victoria Villanueva,57,Female,Finance,Manager,48148,2016-04-28,Poor,thomas17@hotmail.com,037.142.5753x51272,"PSC 4618, Box 6992
APO AE 35517"
7749,Miranda Cox,56,Male,IT,Intern,71227,2022-12-06,Excellent,mcmillankelly@stewart.com,+1-613-821-4493x786,"03446 Guzman Mews
Osbornehaven, TX 60192"
4282,Luis Moore,37,Female,Finance,Analyst,70449,2019-02-14,Good,jeffreygordon@watson.info,342-594-2940x355,"02258 Jose Fords Apt. 591
Prattborough, NV 60252"
5316,Christine Perez,30,Male,IT,Analyst,48904,2024-02-17,Below Average,zmedina@williams.com,+1-976-377-4679x1669,"524 Harris Fort
Molinaberg, IA 26424"
7859,Suzanne Powell,31,Male,Operations,Intern,44034,2015-05-24,Poor,yelliott@gmail.com,(254)360-6746x2957,"62161 Patricia Cliffs Apt. 498
Castillobury, DC 43433"
2873,Colleen Bell,47,Female,Finance,Manager,112948,2015-06-08,Below Average,wademarcus@wilson.com,0152939840,"2959 Thomas Expressway
Woodsside, IN 45657"
7398,Melanie Barber,56,Female,IT,Manager,69521,2021-08-30,Excellent,ncross@williamson.org,573-494-8668,"USNV Jones
FPO AP 49342"
5884,Steven Maynard,41,Male,Sales,Assistant,81958,2018-07-23,Good,melvinpeters@gmail.com,2783071441,"82354 Luis Prairie
Lindsayburgh, CT 20315"
4706,Natalie Gonzalez,25,Female,HR,Analyst,49305,2023-08-29,Excellent,mary35@hunt.net,669-580-0709x7700,"16089 Brandon Causeway Apt. 937
Keithhaven, AL 18180"
